<metadata xml:lang="en"><Esri><CreaDate>20180503</CreaDate><CreaTime>21430900</CreaTime><ArcGISFormat>1.0</ArcGISFormat><SyncOnce>FALSE</SyncOnce><DataProperties><itemProps><itemName Sync="TRUE">ST20141229_PreFlood</itemName><imsContentType Sync="TRUE">002</imsContentType><itemLocation><linkage Sync="TRUE">file://\\cerndata05\gis\SO_Somalia\GeoData\UNOSAT\Data_to_Share\FL20180501SOM\ST20141229_PreFlood.shp</linkage><protocol Sync="TRUE">Local Area Network</protocol></itemLocation><itemSize Sync="TRUE">0.000</itemSize></itemProps><coordRef><type Sync="TRUE">Geographic</type><geogcsn Sync="TRUE">GCS_WGS_1984</geogcsn><csUnits Sync="TRUE">Angular Unit: Degree (0.017453)</csUnits><peXml Sync="TRUE">&lt;GeographicCoordinateSystem xsi:type='typens:GeographicCoordinateSystem' xmlns:xsi='http://www.w3.org/2001/XMLSchema-instance' xmlns:xs='http://www.w3.org/2001/XMLSchema' xmlns:typens='http://www.esri.com/schemas/ArcGIS/10.4'&gt;&lt;WKT&gt;GEOGCS[&amp;quot;GCS_WGS_1984&amp;quot;,DATUM[&amp;quot;D_WGS_1984&amp;quot;,SPHEROID[&amp;quot;WGS_1984&amp;quot;,6378137.0,298.257223563]],PRIMEM[&amp;quot;Greenwich&amp;quot;,0.0],UNIT[&amp;quot;Degree&amp;quot;,0.0174532925199433],AUTHORITY[&amp;quot;EPSG&amp;quot;,4326]],VERTCS[&amp;quot;EGM96_Geoid&amp;quot;,VDATUM[&amp;quot;EGM96_Geoid&amp;quot;],PARAMETER[&amp;quot;Vertical_Shift&amp;quot;,0.0],PARAMETER[&amp;quot;Direction&amp;quot;,1.0],UNIT[&amp;quot;Meter&amp;quot;,1.0],AUTHORITY[&amp;quot;EPSG&amp;quot;,5773]]&lt;/WKT&gt;&lt;XOrigin&gt;-400&lt;/XOrigin&gt;&lt;YOrigin&gt;-400&lt;/YOrigin&gt;&lt;XYScale&gt;11258999068426.238&lt;/XYScale&gt;&lt;ZOrigin&gt;-100000&lt;/ZOrigin&gt;&lt;ZScale&gt;10000&lt;/ZScale&gt;&lt;MOrigin&gt;-100000&lt;/MOrigin&gt;&lt;MScale&gt;10000&lt;/MScale&gt;&lt;XYTolerance&gt;8.983152841195215e-009&lt;/XYTolerance&gt;&lt;ZTolerance&gt;0.001&lt;/ZTolerance&gt;&lt;MTolerance&gt;0.001&lt;/MTolerance&gt;&lt;HighPrecision&gt;true&lt;/HighPrecision&gt;&lt;LeftLongitude&gt;-180&lt;/LeftLongitude&gt;&lt;WKID&gt;4326&lt;/WKID&gt;&lt;LatestWKID&gt;4326&lt;/LatestWKID&gt;&lt;VCSWKID&gt;5773&lt;/VCSWKID&gt;&lt;LatestVCSWKID&gt;5773&lt;/LatestVCSWKID&gt;&lt;/GeographicCoordinateSystem&gt;</peXml></coordRef><lineage><Process ToolSource="c:\program files (x86)\arcgis\desktop10.3\ArcToolbox\Toolboxes\Data Management Tools.tbx\CalculateField" Date="20151027" Time="145127">CalculateField ST20141229_Buaale_Jamaame_PreFlood Sensor_ID 48 VB #</Process><Process ToolSource="c:\program files (x86)\arcgis\desktop10.3\ArcToolbox\Toolboxes\Data Management Tools.tbx\CalculateField" Date="20151027" Time="145158">CalculateField ST20141229_Buaale_Jamaame_PreFlood Sensor_Date "#31 December 2014#" VB #</Process><Process ToolSource="c:\program files (x86)\arcgis\desktop10.3\ArcToolbox\Toolboxes\Data Management Tools.tbx\CalculateField" Date="20151027" Time="145245">CalculateField ST20141229_Buaale_Jamaame_PreFlood Sensor_ID 42 VB #</Process><Process ToolSource="c:\program files (x86)\arcgis\desktop10.3\ArcToolbox\Toolboxes\Data Management Tools.tbx\CalculateField" Date="20151027" Time="145321">CalculateField ST20141229_Buaale_Jamaame_PreFlood Sensor_Date "#29 December 2014#" VB #</Process><Process ToolSource="c:\program files (x86)\arcgis\desktop10.3\ArcToolbox\Toolboxes\Data Management Tools.tbx\CalculateField" Date="20151027" Time="145428">CalculateField ST20141229_Buaale_Jamaame_PreFlood Water_Class 0 VB #</Process><Process ToolSource="c:\program files (x86)\arcgis\desktop10.3\ArcToolbox\Toolboxes\Data Management Tools.tbx\CalculateField" Date="20151027" Time="145438">CalculateField ST20141229_Buaale_Jamaame_PreFlood Confidence_ID 2 VB #</Process><Process ToolSource="c:\program files (x86)\arcgis\desktop10.3\ArcToolbox\Toolboxes\Data Management Tools.tbx\CalculateField" Date="20151027" Time="145447">CalculateField ST20141229_Buaale_Jamaame_PreFlood Field_Validation 0 VB #</Process><Process ToolSource="c:\program files (x86)\arcgis\desktop10.3\ArcToolbox\Toolboxes\Data Management Tools.tbx\CalculateField" Date="20151027" Time="145523">CalculateField ST20141229_Buaale_Jamaame_PreFlood Water_StatusID 2 VB #</Process><Process ToolSource="c:\program files (x86)\arcgis\desktop10.3\ArcToolbox\Toolboxes\Data Management Tools.tbx\CalculateField" Date="20151027" Time="145550">CalculateField ST20141229_Buaale_Jamaame_PreFlood StaffID 55 VB #</Process><Process ToolSource="c:\program files (x86)\arcgis\desktop10.3\ArcToolbox\Toolboxes\Data Management Tools.tbx\CalculateField" Date="20151027" Time="145605">CalculateField ST20141229_Buaale_Jamaame_PreFlood EventCode "FL20151015SOM" VB #</Process><Process ToolSource="c:\program files (x86)\arcgis\desktop10.3\ArcToolbox\Toolboxes\Data Management Tools.tbx\CalculateField" Date="20151027" Time="155923">CalculateField ST20141229_Buaale_Jamaame_PreFlood Sensor_ID 40 VB #</Process><Process ToolSource="c:\program files (x86)\arcgis\desktop10.4\ArcToolbox\Toolboxes\Conversion Tools.tbx\FeatureClassToFeatureClass" Date="20180503" Time="214730">FeatureClassToFeatureClass GPL0 M:\SO_Somalia\GeoData\UNOSAT\Data_to_Share\FL20180501SOM ST20141229_PreFlood # "Water_Class "Water_Class" true true false 255 Text 0 0 ,First,#,M:\SO_Somalia\GeoData\UNOSAT\Data_to_Share\FL20180501SOM\FL20180501SOM.gdb\Flood_Data\ST20141229_PreFlood,Water_Class,-1,-1;Sensor_ID "Sensor_ID" true true false 255 Text 0 0 ,First,#,M:\SO_Somalia\GeoData\UNOSAT\Data_to_Share\FL20180501SOM\FL20180501SOM.gdb\Flood_Data\ST20141229_PreFlood,Sensor_ID,-1,-1;Sensor_Date "Sensor_Date" true true false 8 Date 0 0 ,First,#,M:\SO_Somalia\GeoData\UNOSAT\Data_to_Share\FL20180501SOM\FL20180501SOM.gdb\Flood_Data\ST20141229_PreFlood,Sensor_Date,-1,-1;Confidence_ID "Confidence_ID" true true false 255 Text 0 0 ,First,#,M:\SO_Somalia\GeoData\UNOSAT\Data_to_Share\FL20180501SOM\FL20180501SOM.gdb\Flood_Data\ST20141229_PreFlood,Confidence_ID,-1,-1;Field_Validation "Field_Validation" true true false 255 Text 0 0 ,First,#,M:\SO_Somalia\GeoData\UNOSAT\Data_to_Share\FL20180501SOM\FL20180501SOM.gdb\Flood_Data\ST20141229_PreFlood,Field_Validation,-1,-1;Water_StatusID "Water_StatusID" true true false 255 Text 0 0 ,First,#,M:\SO_Somalia\GeoData\UNOSAT\Data_to_Share\FL20180501SOM\FL20180501SOM.gdb\Flood_Data\ST20141229_PreFlood,Water_StatusID,-1,-1;Notes "Notes" true true false 50 Text 0 0 ,First,#,M:\SO_Somalia\GeoData\UNOSAT\Data_to_Share\FL20180501SOM\FL20180501SOM.gdb\Flood_Data\ST20141229_PreFlood,Notes,-1,-1;Area_m2 "Area_m2" true true false 8 Double 0 0 ,First,#,M:\SO_Somalia\GeoData\UNOSAT\Data_to_Share\FL20180501SOM\FL20180501SOM.gdb\Flood_Data\ST20141229_PreFlood,Area_m2,-1,-1;Area_ha "Area_ha" true true false 8 Double 0 0 ,First,#,M:\SO_Somalia\GeoData\UNOSAT\Data_to_Share\FL20180501SOM\FL20180501SOM.gdb\Flood_Data\ST20141229_PreFlood,Area_ha,-1,-1;SenorID_old "SenorID_old" true true false 255 Text 0 0 ,First,#,M:\SO_Somalia\GeoData\UNOSAT\Data_to_Share\FL20180501SOM\FL20180501SOM.gdb\Flood_Data\ST20141229_PreFlood,SenorID_old,-1,-1;StaffID "StaffID" true true false 255 Text 0 0 ,First,#,M:\SO_Somalia\GeoData\UNOSAT\Data_to_Share\FL20180501SOM\FL20180501SOM.gdb\Flood_Data\ST20141229_PreFlood,StaffID,-1,-1;EventCode "EventCode" true true false 200 Text 0 0 ,First,#,M:\SO_Somalia\GeoData\UNOSAT\Data_to_Share\FL20180501SOM\FL20180501SOM.gdb\Flood_Data\ST20141229_PreFlood,EventCode,-1,-1" #</Process></lineage></DataProperties><SyncDate>20180503</SyncDate><SyncTime>21472900</SyncTime><ModDate>20180503</ModDate><ModTime>21472900</ModTime></Esri><dataIdInfo><envirDesc Sync="TRUE"> Version 6.2 (Build 9200) ; Esri ArcGIS 10.4.1.5686</envirDesc><dataLang><languageCode value="eng" Sync="TRUE"></languageCode><countryCode value="GBR" Sync="TRUE"></countryCode></dataLang><idCitation><resTitle Sync="TRUE">ST20141229_PreFlood</resTitle><presForm><PresFormCd value="005" Sync="TRUE"></PresFormCd></presForm></idCitation><spatRpType><SpatRepTypCd value="001" Sync="TRUE"></SpatRepTypCd></spatRpType></dataIdInfo><mdLang><languageCode value="eng" Sync="TRUE"></languageCode><countryCode value="GBR" Sync="TRUE"></countryCode></mdLang><distInfo><distFormat><formatName Sync="TRUE">Shapefile</formatName></distFormat><distTranOps><transSize Sync="TRUE">0.000</transSize></distTranOps></distInfo><mdHrLv><ScopeCd value="005" Sync="TRUE"></ScopeCd></mdHrLv><mdHrLvName Sync="TRUE">dataset</mdHrLvName><refSysInfo><RefSystem><refSysID><identCode code="4326" Sync="TRUE"></identCode><idCodeSpace Sync="TRUE">EPSG</idCodeSpace><idVersion Sync="TRUE">6.14(3.0.1)</idVersion></refSysID></RefSystem></refSysInfo><spatRepInfo><VectSpatRep><geometObjs Name="ST20141229_PreFlood"><geoObjTyp><GeoObjTypCd value="002" Sync="TRUE"></GeoObjTypCd></geoObjTyp><geoObjCnt Sync="TRUE">0</geoObjCnt></geometObjs><topLvl><TopoLevCd value="001" Sync="TRUE"></TopoLevCd></topLvl></VectSpatRep></spatRepInfo><spdoinfo><ptvctinf><esriterm Name="ST20141229_PreFlood"><efeatyp Sync="TRUE">Simple</efeatyp><efeageom code="4" Sync="TRUE"></efeageom><esritopo Sync="TRUE">FALSE</esritopo><efeacnt Sync="TRUE">0</efeacnt><spindex Sync="TRUE">FALSE</spindex><linrefer Sync="TRUE">FALSE</linrefer></esriterm></ptvctinf></spdoinfo><eainfo><detailed Name="ST20141229_PreFlood"><enttyp><enttypl Sync="TRUE">ST20141229_PreFlood</enttypl><enttypt Sync="TRUE">Feature Class</enttypt><enttypc Sync="TRUE">0</enttypc></enttyp><attr><attrlabl Sync="TRUE">FID</attrlabl><attalias Sync="TRUE">FID</attalias><attrtype Sync="TRUE">OID</attrtype><attwidth Sync="TRUE">4</attwidth><atprecis Sync="TRUE">0</atprecis><attscale Sync="TRUE">0</attscale><attrdef Sync="TRUE">Internal feature number.</attrdef><attrdefs Sync="TRUE">Esri</attrdefs><attrdomv><udom Sync="TRUE">Sequential unique whole numbers that are automatically generated.</udom></attrdomv></attr><attr><attrlabl Sync="TRUE">SHAPE</attrlabl><attalias Sync="TRUE">Shape</attalias><attrtype Sync="TRUE">Geometry</attrtype><attwidth Sync="TRUE">0</attwidth><atprecis Sync="TRUE">0</atprecis><attscale Sync="TRUE">0</attscale><attrdef Sync="TRUE">Feature geometry.</attrdef><attrdefs Sync="TRUE">Esri</attrdefs><attrdomv><udom Sync="TRUE">Coordinates defining the features.</udom></attrdomv></attr><attr><attrlabl Sync="TRUE">Water_Clas</attrlabl><attalias Sync="TRUE">Water_Clas</attalias><attrtype Sync="TRUE">String</attrtype><attwidth Sync="TRUE">254</attwidth><atprecis Sync="TRUE">0</atprecis><attscale Sync="TRUE">0</attscale></attr><attr><attrlabl Sync="TRUE">Sensor_ID</attrlabl><attalias Sync="TRUE">Sensor_ID</attalias><attrtype Sync="TRUE">String</attrtype><attwidth Sync="TRUE">254</attwidth><atprecis Sync="TRUE">0</atprecis><attscale Sync="TRUE">0</attscale></attr><attr><attrlabl Sync="TRUE">Sensor_Dat</attrlabl><attalias Sync="TRUE">Sensor_Dat</attalias><attrtype Sync="TRUE">Date</attrtype><attwidth Sync="TRUE">8</attwidth><atprecis Sync="TRUE">0</atprecis><attscale Sync="TRUE">0</attscale></attr><attr><attrlabl Sync="TRUE">Confidence</attrlabl><attalias Sync="TRUE">Confidence</attalias><attrtype Sync="TRUE">String</attrtype><attwidth Sync="TRUE">254</attwidth><atprecis Sync="TRUE">0</atprecis><attscale Sync="TRUE">0</attscale></attr><attr><attrlabl Sync="TRUE">Field_Vali</attrlabl><attalias Sync="TRUE">Field_Vali</attalias><attrtype Sync="TRUE">String</attrtype><attwidth Sync="TRUE">254</attwidth><atprecis Sync="TRUE">0</atprecis><attscale Sync="TRUE">0</attscale></attr><attr><attrlabl Sync="TRUE">Water_Stat</attrlabl><attalias Sync="TRUE">Water_Stat</attalias><attrtype Sync="TRUE">String</attrtype><attwidth Sync="TRUE">254</attwidth><atprecis Sync="TRUE">0</atprecis><attscale Sync="TRUE">0</attscale></attr><attr><attrlabl Sync="TRUE">Notes</attrlabl><attalias Sync="TRUE">Notes</attalias><attrtype Sync="TRUE">String</attrtype><attwidth Sync="TRUE">50</attwidth><atprecis Sync="TRUE">0</atprecis><attscale Sync="TRUE">0</attscale></attr><attr><attrlabl Sync="TRUE">Area_m2</attrlabl><attalias Sync="TRUE">Area_m2</attalias><attrtype Sync="TRUE">Double</attrtype><attwidth Sync="TRUE">19</attwidth><atprecis Sync="TRUE">0</atprecis><attscale Sync="TRUE">0</attscale></attr><attr><attrlabl Sync="TRUE">Area_ha</attrlabl><attalias Sync="TRUE">Area_ha</attalias><attrtype Sync="TRUE">Double</attrtype><attwidth Sync="TRUE">19</attwidth><atprecis Sync="TRUE">0</atprecis><attscale Sync="TRUE">0</attscale></attr><attr><attrlabl Sync="TRUE">SenorID_ol</attrlabl><attalias Sync="TRUE">SenorID_ol</attalias><attrtype Sync="TRUE">String</attrtype><attwidth Sync="TRUE">254</attwidth><atprecis Sync="TRUE">0</atprecis><attscale Sync="TRUE">0</attscale></attr><attr><attrlabl Sync="TRUE">StaffID</attrlabl><attalias Sync="TRUE">StaffID</attalias><attrtype Sync="TRUE">String</attrtype><attwidth Sync="TRUE">254</attwidth><atprecis Sync="TRUE">0</atprecis><attscale Sync="TRUE">0</attscale></attr><attr><attrlabl Sync="TRUE">EventCode</attrlabl><attalias Sync="TRUE">EventCode</attalias><attrtype Sync="TRUE">String</attrtype><attwidth Sync="TRUE">200</attwidth><atprecis Sync="TRUE">0</atprecis><attscale Sync="TRUE">0</attscale></attr></detailed></eainfo><mdDateSt Sync="TRUE">20180503</mdDateSt></metadata>
