<?xml version="1.0" encoding="UTF-8"?>
<metadata xml:lang="en"><Esri><CreaDate>20170909</CreaDate><CreaTime>09155800</CreaTime><ArcGISFormat>1.0</ArcGISFormat><SyncOnce>TRUE</SyncOnce><DataProperties><lineage><Process ToolSource="c:\program files (x86)\arcgis\desktop10.4\ArcToolbox\Toolboxes\Data Management Tools.tbx\CalculateField" Date="20170909" Time="000718">CalculateField DOM_adm2_pop Pop_60 [Sum_60kmh] VB #</Process><Process ToolSource="c:\program files (x86)\arcgis\desktop10.4\ArcToolbox\Toolboxes\Data Management Tools.tbx\CalculateField" Date="20170909" Time="000733">CalculateField DOM_adm2_pop Pop_90 [Sum_90kmh] VB #</Process><Process ToolSource="c:\program files (x86)\arcgis\desktop10.4\ArcToolbox\Toolboxes\Data Management Tools.tbx\CalculateField" Date="20170909" Time="000752">CalculateField DOM_adm2_pop Pop_120 [Sum_120kmh] VB #</Process><Process ToolSource="c:\program files (x86)\arcgis\desktop10.4\ArcToolbox\Toolboxes\Data Management Tools.tbx\CalculateField" Date="20170909" Time="000810">CalculateField DOM_adm2_pop Total_pop "[Pop_60]+ [Pop_90]+ [Pop_120]" VB #</Process></lineage></DataProperties></Esri></metadata>
