<?xml version="1.0" encoding="UTF-8"?>
<metadata xml:lang="en"><Esri><CreaDate>20181023</CreaDate><CreaTime>11484200</CreaTime><ArcGISFormat>1.0</ArcGISFormat><SyncOnce>FALSE</SyncOnce><DataProperties><lineage><Process ToolSource="c:\program files (x86)\arcgis\desktop10.6\ArcToolbox\Toolboxes\Data Management Tools.tbx\CalculateField" Date="20181016" Time="161614" Name="" export="">CalculateField "Implmenting Partners" Sum_Impplmentor2 [Sum_Implementor] VB #</Process></lineage><itemProps><itemLocation><linkage Sync="TRUE">file://\\ETDC03\File Server\Public\GIS Maps\OFDA_ARCPro\All Shp files_for maps developed by Wondwosen\Sep 2018\OFDA and All Ongoing ERR Interventions_September 2018\All_30_Sep2018_Ongoing_IPs_and_Donors_IRC_Ethiopia</linkage><protocol Sync="TRUE">Local Area Network</protocol></itemLocation><itemName Sync="TRUE">All_30_Sep2018_Ongoing_IPs_and_Donors_IRC_Ethiopia</itemName><imsContentType Sync="TRUE">002</imsContentType><itemSize Sync="TRUE">0.002</itemSize><nativeExtBox><westBL Sync="TRUE">37.288750</westBL><eastBL Sync="TRUE">44.641762</eastBL><southBL Sync="TRUE">3.791024</southBL><northBL Sync="TRUE">14.004967</northBL><exTypeCode Sync="TRUE">1</exTypeCode></nativeExtBox></itemProps><coordRef><type Sync="TRUE">Geographic</type><geogcsn Sync="TRUE">GCS_Adindan</geogcsn><csUnits Sync="TRUE">Angular Unit: Degree (0.017453)</csUnits><peXml Sync="TRUE">&lt;GeographicCoordinateSystem xsi:type='typens:GeographicCoordinateSystem' xmlns:xsi='http://www.w3.org/2001/XMLSchema-instance' xmlns:xs='http://www.w3.org/2001/XMLSchema' xmlns:typens='http://www.esri.com/schemas/ArcGIS/10.6'&gt;&lt;WKT&gt;GEOGCS[&amp;quot;GCS_Adindan&amp;quot;,DATUM[&amp;quot;D_Adindan&amp;quot;,SPHEROID[&amp;quot;Clarke_1880_RGS&amp;quot;,6378249.145,293.465]],PRIMEM[&amp;quot;Greenwich&amp;quot;,0.0],UNIT[&amp;quot;Degree&amp;quot;,0.0174532925199433],AUTHORITY[&amp;quot;EPSG&amp;quot;,4201]]&lt;/WKT&gt;&lt;XOrigin&gt;-400&lt;/XOrigin&gt;&lt;YOrigin&gt;-400&lt;/YOrigin&gt;&lt;XYScale&gt;11258999068426.238&lt;/XYScale&gt;&lt;ZOrigin&gt;-100000&lt;/ZOrigin&gt;&lt;ZScale&gt;10000&lt;/ZScale&gt;&lt;MOrigin&gt;-100000&lt;/MOrigin&gt;&lt;MScale&gt;10000&lt;/MScale&gt;&lt;XYTolerance&gt;8.9829948957069658e-09&lt;/XYTolerance&gt;&lt;ZTolerance&gt;0.001&lt;/ZTolerance&gt;&lt;MTolerance&gt;0.001&lt;/MTolerance&gt;&lt;HighPrecision&gt;true&lt;/HighPrecision&gt;&lt;LeftLongitude&gt;-180&lt;/LeftLongitude&gt;&lt;WKID&gt;4201&lt;/WKID&gt;&lt;LatestWKID&gt;4201&lt;/LatestWKID&gt;&lt;/GeographicCoordinateSystem&gt;</peXml></coordRef><copyHistory><copy source="S:\GIS Maps\OFDA_ARCPro\All Shp files_for maps developed by Wondwosen\Sep 2018\10 Monthly Emergency Response Interventions overlaid with Hotspot Areas by Sector and Donor\All_30_Sep2018_Ongoing_IPs_and_Donors_IRC_Ethiopia" dest="\\ETDC03\File Server\Public\GIS Maps\OFDA_ARCPro\All Shp files_for maps developed by Wondwosen\Sep 2018\OFDA and All Ongoing ERR Interventions_September 2018\All_30_Sep2018_Ongoing_IPs_and_Donors_IRC_Ethiopia" date="20181023" time="11484200"></copy></copyHistory></DataProperties><SyncDate>20181023</SyncDate><SyncTime>11481900</SyncTime><ModDate>20181023</ModDate><ModTime>11481900</ModTime><scaleRange><minScale>150000000</minScale><maxScale>5000</maxScale></scaleRange><ArcGISProfile>ItemDescription</ArcGISProfile></Esri><dataIdInfo><envirDesc Sync="TRUE"> Version 6.2 (Build 9200) ; Esri ArcGIS 10.6.1.9270</envirDesc><dataLang><languageCode value="eng" Sync="TRUE"/><countryCode value="USA" Sync="TRUE"/></dataLang><idCitation><resTitle Sync="FALSE">IRC_Ethiopia_All_Ongoing_Emergency_Responses_IPs_Donors_30Sep_2018</resTitle><presForm><PresFormCd value="005" Sync="TRUE"/></presForm></idCitation><spatRpType><SpatRepTypCd value="001" Sync="TRUE"/></spatRpType><dataExt><geoEle xmlns=""><GeoBndBox esriExtentType="search"><exTypeCode Sync="TRUE">1</exTypeCode><westBL Sync="TRUE">37.288750</westBL><eastBL Sync="TRUE">44.641762</eastBL><northBL Sync="TRUE">14.004967</northBL><southBL Sync="TRUE">3.791024</southBL></GeoBndBox></geoEle></dataExt><idPurp>This dataset was created in order to allow for a more sustained approach to producing relevant mapping products and geospatial analysis for regions undergoing emergencies, and will fill gaps in information sharing and management between OFDA, IRC, and other implementing partners during emergency response.</idPurp><idAbs>&lt;DIV STYLE="text-align:Left;"&gt;&lt;P STYLE="margin:0 0 0 0;"&gt;&lt;SPAN&gt;IRC’s GIS unit created this database to allow for a more sustained approach to producing relevant mapping products and geospatial analysis for regions undergoing emergencies, and will fill gaps in information sharing and management between OFDA, IRC, and other implementing partners during emergency response. IRC’s GIS services provide OFDA/Ethiopia with the information and analysis required to monitor the evolution of project / program results and to track project and program impacts across implementing agencies and geographic locations. This dataset contains central points of Ethiopian administrative Woredas which are roughly consistent with the actual woreda administrative boundary centers for the year 2018. The point data contains attribute data (implementing Partners, Situation and Sector Fields) for IRC Ethiopia All Ongoing Emergency Responses, which funded by all donors (such as OFDA, ECHO, EHF and Others) as of 30 September 2018,&lt;/SPAN&gt;&lt;/P&gt;&lt;/DIV&gt;</idAbs><idCredit>IRC Ethiopia Program, USAID/OFDA Ethiopia Program.</idCredit><searchKeys><keyword>IRC Ethiopia All Ongoing Funded Emergency Responses Implementing Partners &amp; Donors as of 30 September 2018</keyword></searchKeys></dataIdInfo><mdLang><languageCode value="eng" Sync="TRUE"/><countryCode value="USA" Sync="TRUE"/></mdLang><distInfo><distFormat><formatName Sync="TRUE">Shapefile</formatName></distFormat><distTranOps><transSize Sync="TRUE">0.002</transSize></distTranOps></distInfo><mdHrLv><ScopeCd value="005" Sync="TRUE"/></mdHrLv><mdHrLvName Sync="TRUE">dataset</mdHrLvName><refSysInfo><RefSystem><refSysID><identCode code="4201" Sync="TRUE"/><idCodeSpace Sync="TRUE">EPSG</idCodeSpace><idVersion Sync="TRUE">8.7(3.0.1)</idVersion></refSysID></RefSystem></refSysInfo><spatRepInfo><VectSpatRep><geometObjs Name="All_30_Sep2018_Ongoing_IPs_and_Donors_IRC_Ethiopia"><geoObjTyp><GeoObjTypCd value="004" Sync="TRUE"></GeoObjTypCd></geoObjTyp><geoObjCnt Sync="TRUE">75</geoObjCnt></geometObjs><topLvl><TopoLevCd value="001" Sync="TRUE"></TopoLevCd></topLvl></VectSpatRep></spatRepInfo><spdoinfo><ptvctinf><esriterm Name="All_30_Sep2018_Ongoing_IPs_and_Donors_IRC_Ethiopia"><efeatyp Sync="TRUE">Simple</efeatyp><efeageom code="1" Sync="TRUE"></efeageom><esritopo Sync="TRUE">FALSE</esritopo><efeacnt Sync="TRUE">75</efeacnt><spindex Sync="TRUE">TRUE</spindex><linrefer Sync="TRUE">FALSE</linrefer></esriterm></ptvctinf></spdoinfo><eainfo><detailed Name="All_30_Sep2018_Ongoing_IPs_and_Donors_IRC_Ethiopia"><enttyp><enttypl Sync="TRUE">All_30_Sep2018_Ongoing_IPs_and_Donors_IRC_Ethiopia</enttypl><enttypt Sync="TRUE">Feature Class</enttypt><enttypc Sync="TRUE">75</enttypc></enttyp><attr><attrlabl Sync="TRUE">FID</attrlabl><attalias Sync="TRUE">FID</attalias><attrtype Sync="TRUE">OID</attrtype><attwidth Sync="TRUE">4</attwidth><atprecis Sync="TRUE">0</atprecis><attscale Sync="TRUE">0</attscale><attrdef Sync="TRUE">Internal feature number.</attrdef><attrdefs Sync="TRUE">Esri</attrdefs><attrdomv><udom Sync="TRUE">Sequential unique whole numbers that are automatically generated.</udom></attrdomv></attr><attr><attrlabl Sync="TRUE">Shape</attrlabl><attalias Sync="TRUE">Shape</attalias><attrtype Sync="TRUE">Geometry</attrtype><attwidth Sync="TRUE">0</attwidth><atprecis Sync="TRUE">0</atprecis><attscale Sync="TRUE">0</attscale><attrdef Sync="TRUE">Feature geometry.</attrdef><attrdefs Sync="TRUE">Esri</attrdefs><attrdomv><udom Sync="TRUE">Coordinates defining the features.</udom></attrdomv></attr><attr><attrlabl Sync="TRUE">R_NAME</attrlabl><attalias Sync="TRUE">R_NAME</attalias><attrtype Sync="TRUE">String</attrtype><attwidth Sync="TRUE">254</attwidth><atprecis Sync="TRUE">0</atprecis><attscale Sync="TRUE">0</attscale></attr><attr><attrlabl Sync="TRUE">Z_NAME</attrlabl><attalias Sync="TRUE">Z_NAME</attalias><attrtype Sync="TRUE">String</attrtype><attwidth Sync="TRUE">254</attwidth><atprecis Sync="TRUE">0</atprecis><attscale Sync="TRUE">0</attscale></attr><attr><attrlabl Sync="TRUE">W_NAME</attrlabl><attalias Sync="TRUE">W_NAME</attalias><attrtype Sync="TRUE">String</attrtype><attwidth Sync="TRUE">254</attwidth><atprecis Sync="TRUE">0</atprecis><attscale Sync="TRUE">0</attscale></attr><attr><attrlabl Sync="TRUE">W_CODE</attrlabl><attalias Sync="TRUE">W_CODE</attalias><attrtype Sync="TRUE">Integer</attrtype><attwidth Sync="TRUE">10</attwidth><atprecis Sync="TRUE">10</atprecis><attscale Sync="TRUE">0</attscale></attr><attr><attrlabl Sync="TRUE">Sum_Sector</attrlabl><attalias Sync="TRUE">Sum_Sector</attalias><attrtype Sync="TRUE">String</attrtype><attwidth Sync="TRUE">254</attwidth><atprecis Sync="TRUE">0</atprecis><attscale Sync="TRUE">0</attscale></attr><attr><attrlabl Sync="TRUE">Sum_Sect_1</attrlabl><attalias Sync="TRUE">Sum_Sect_1</attalias><attrtype Sync="TRUE">String</attrtype><attwidth Sync="TRUE">254</attwidth><atprecis Sync="TRUE">0</atprecis><attscale Sync="TRUE">0</attscale></attr><attr><attrlabl Sync="TRUE">Sum_Donors</attrlabl><attalias Sync="TRUE">Sum_Donors</attalias><attrtype Sync="TRUE">String</attrtype><attwidth Sync="TRUE">254</attwidth><atprecis Sync="TRUE">0</atprecis><attscale Sync="TRUE">0</attscale></attr><attr><attrlabl Sync="TRUE">Sum_Implem</attrlabl><attalias Sync="TRUE">Sum_Implem</attalias><attrtype Sync="TRUE">String</attrtype><attwidth Sync="TRUE">254</attwidth><atprecis Sync="TRUE">0</atprecis><attscale Sync="TRUE">0</attscale></attr><attr><attrlabl Sync="TRUE">X</attrlabl><attalias Sync="TRUE">X</attalias><attrtype Sync="TRUE">Double</attrtype><attwidth Sync="TRUE">19</attwidth><atprecis Sync="TRUE">0</atprecis><attscale Sync="TRUE">0</attscale></attr><attr><attrlabl Sync="TRUE">Y</attrlabl><attalias Sync="TRUE">Y</attalias><attrtype Sync="TRUE">Double</attrtype><attwidth Sync="TRUE">19</attwidth><atprecis Sync="TRUE">0</atprecis><attscale Sync="TRUE">0</attscale></attr><attr><attrlabl Sync="TRUE">Sum_Impplm</attrlabl><attalias Sync="TRUE">Sum_Impplm</attalias><attrtype Sync="TRUE">String</attrtype><attwidth Sync="TRUE">25</attwidth><atprecis Sync="TRUE">0</atprecis><attscale Sync="TRUE">0</attscale></attr></detailed></eainfo><mdDateSt Sync="TRUE">20181023</mdDateSt></metadata>
